{
    "version": 8,
    "name": "Basic",
    "metadata": {
        "mapbox:type": "default",
        "mapbox:origin": "basic-v1",
        "mapbox:sdk-support": {
            "android": "10.0.0",
            "ios": "10.0.0",
            "js": "2.6.0"
        },
        "mapbox:autocomposite": true,
        "mapbox:groups": {
            "Transit, transit-labels": {
                "name": "Transit, transit-labels",
                "collapsed": false
            },
            "Administrative boundaries, admin": {
                "name": "Administrative boundaries, admin",
                "collapsed": true
            },
            "Transit, bridges": {"name": "Transit, bridges", "collapsed": true},
            "Buildings, building-labels": {
                "collapsed": true,
                "name": "Buildings, building-labels"
            },
            "Transit, surface": {"name": "Transit, surface", "collapsed": true},
            "Road network, bridges": {
                "name": "Road network, bridges",
                "collapsed": true
            },
            "Land, water, & sky, water": {
                "name": "Land, water, & sky, water",
                "collapsed": true
            },
            "Road network, tunnels": {
                "name": "Road network, tunnels",
                "collapsed": true
            },
            "Road network, road-labels": {
                "name": "Road network, road-labels",
                "collapsed": true
            },
            "Buildings, built": {"name": "Buildings, built", "collapsed": true},
            "Natural features, natural-labels": {
                "name": "Natural features, natural-labels",
                "collapsed": true
            },
            "Road network, surface": {
                "name": "Road network, surface",
                "collapsed": true
            },
            "Land, water, & sky, built": {
                "name": "Land, water, & sky, built",
                "collapsed": true
            },
            "Walking, cycling, etc., barriers-bridges": {
                "name": "Walking, cycling, etc., barriers-bridges",
                "collapsed": false
            },
            "Place labels, place-labels": {
                "name": "Place labels, place-labels",
                "collapsed": true
            },
            "Point of interest labels, poi-labels": {
                "name": "Point of interest labels, poi-labels",
                "collapsed": false
            },
            "Walking, cycling, etc., tunnels": {
                "name": "Walking, cycling, etc., tunnels",
                "collapsed": true
            },
            "Walking, cycling, etc., walking-cycling-labels": {
                "name": "Walking, cycling, etc., walking-cycling-labels",
                "collapsed": true
            },
            "Walking, cycling, etc., surface": {
                "name": "Walking, cycling, etc., surface",
                "collapsed": true
            },
            "Transit, built": {"name": "Transit, built", "collapsed": true},
            "Land, water, & sky, land": {
                "name": "Land, water, & sky, land",
                "collapsed": true
            }
        },
        "mapbox:trackposition": false,
        "mapbox:decompiler": {
            "id": "cl2lr8iwp008w14o7acfegxdj",
            "componentVersion": "11.2.0",
            "strata": [
                {
                    "id": "basic-v1",
                    "order": [
                        ["land-and-water", "land"],
                        ["land-and-water", "water"],
                        ["land-and-water", "built"],
                        ["transit", "built"],
                        ["buildings", "built"],
                        ["road-network", "tunnels-case"],
                        ["walking-cycling", "tunnels"],
                        ["road-network", "tunnels"],
                        ["transit", "ferries"],
                        ["walking-cycling", "surface"],
                        ["road-network", "surface"],
                        ["transit", "surface"],
                        ["road-network", "surface-icons"],
                        ["walking-cycling", "barriers-bridges"],
                        ["road-network", "bridges"],
                        ["transit", "bridges"],
                        ["road-network", "traffic-and-closures"],
                        ["buildings", "extruded"],
                        ["transit", "elevated"],
                        ["admin-boundaries", "admin"],
                        ["buildings", "building-labels"],
                        ["road-network", "road-labels"],
                        ["walking-cycling", "walking-cycling-labels"],
                        ["transit", "ferry-aerialway-labels"],
                        ["natural-features", "natural-labels"],
                        "poi-label",
                        ["transit", "transit-labels"],
                        ["place-labels", "place-labels"],
                        ["land-and-water", "sky"]
                    ]
                }
            ],
            "components": {
                "road-network": "11.2.0",
                "natural-features": "11.1.1",
                "place-labels": "11.1.1",
                "admin-boundaries": "11.1.1",
                "walking-cycling": "11.1.1",
                "transit": "11.1.1",
                "land-and-water": "11.2.0",
                "buildings": "11.1.1"
            },
            "propConfig": {
                "road-network": {
                    "colorBase": "hsl(206, 100%, 96%)",
                    "colorRoad": "hsl(171, 38%, 100%)",
                    "roadNetwork": "Simple",
                    "roadsFont": [
                        "Montserrat SemiBold",
                        "Arial Unicode MS Regular"
                    ],
                    "shieldsFont": [
                        "Montserrat SemiBold",
                        "Arial Unicode MS Bold"
                    ],
                    "language": "Russian",
                    "labels": true,
                    "roadWidth": 0.9
                },
                "natural-features": {
                    "colorBase": "hsl(206, 100%, 96%)",
                    "colorWater": "hsl(206, 78%, 81%)",
                    "colorPoi": "hsl(202, 4%, 56%)",
                    "poiEtcFont": [
                        "Montserrat SemiBold",
                        "Arial Unicode MS Regular"
                    ],
                    "waterLabelsFont": [
                        "Montserrat SemiBold",
                        "Arial Unicode MS Regular"
                    ],
                    "language": "Russian",
                    "worldview": "US"
                },
                "place-labels": {
                    "states": false,
                    "countriesFont": [
                        "Montserrat SemiBold",
                        "Arial Unicode MS Regular"
                    ],
                    "settlementLabelStyle": "Text only",
                    "settlements": true,
                    "settlementSubdivisions": false,
                    "colorPlaceLabel": "hsl(169, 6%, 38%)",
                    "statesFont": [
                        "Montserrat SemiBold",
                        "Arial Unicode MS Bold"
                    ],
                    "colorBase": "hsl(206, 100%, 96%)",
                    "countries": false,
                    "language": "Russian",
                    "settlementSubdivisionsDensity": 3,
                    "settlementsMinorFont": [
                        "Montserrat SemiBold",
                        "Arial Unicode MS Regular"
                    ],
                    "settlementsMajorFont": [
                        "Montserrat SemiBold",
                        "Arial Unicode MS Regular"
                    ],
                    "settlementSubdivisionsFont": [
                        "Montserrat SemiBold",
                        "Arial Unicode MS Regular"
                    ]
                },
                "admin-boundaries": {
                    "colorBase": "hsl(206, 100%, 96%)",
                    "colorPlaceLabel": "hsl(169, 6%, 38%)",
                    "admin0Disputed": true,
                    "admin0DashPattern": "Solid",
                    "worldview": "US",
                    "admin0DisputedDashPattern": "Solid",
                    "admin2": false
                },
                "walking-cycling": {
                    "walkingPathDashPattern": "Short dash",
                    "walkingCyclingPiste": false,
                    "roadsFont": [
                        "Montserrat SemiBold",
                        "Arial Unicode MS Regular"
                    ],
                    "controlDashStyle": false,
                    "colorRoad": "hsl(171, 38%, 100%)",
                    "golfHoleLabelLine": false,
                    "colorGreenspace": "hsl(133, 61%, 89%)",
                    "colorGreenspaceLabel": "hsl(134, 18%, 66%)",
                    "walkingCyclingPisteBackground": false,
                    "colorBase": "hsl(206, 100%, 96%)",
                    "gatesFencesHedges": false,
                    "trailDashPattern": "Long dash",
                    "language": "Russian",
                    "poiEtcFont": [
                        "Montserrat SemiBold",
                        "Arial Unicode MS Regular"
                    ],
                    "pedestrianPolygonFeatures": false,
                    "labels": true
                },
                "transit": {
                    "matchLabelAndIcon": true,
                    "roadsFont": [
                        "Montserrat SemiBold",
                        "Arial Unicode MS Regular"
                    ],
                    "colorRoad": "hsl(171, 38%, 100%)",
                    "aeroways": false,
                    "lightRailLabels": false,
                    "aerialwayStyle": true,
                    "colorAirport": "hsl(135, 6%, 40%)",
                    "metroRailLabels": false,
                    "airportLabels": false,
                    "aerialways": false,
                    "iconColorScheme": "Full color",
                    "colorTransit": "hsl(114, 6%, 40%)",
                    "railLabels": false,
                    "transitLabels": true,
                    "colorBase": "hsl(206, 100%, 96%)",
                    "railwayStyle": true,
                    "colorWater": "hsl(206, 78%, 81%)",
                    "controlTransitLabels": true,
                    "railways": true,
                    "ferries": false,
                    "language": "Russian",
                    "poiEtcFont": [
                        "Montserrat SemiBold",
                        "Arial Unicode MS Regular"
                    ],
                    "entrances": true,
                    "minorTransitLabels": false,
                    "labelStyle": "Text and icon",
                    "bicycleLabels": false,
                    "busLabels": true
                },
                "land-and-water": {
                    "sky": false,
                    "landType": "Landuse only",
                    "landStyle": "Standard",
                    "colorGreenspace": "hsl(133, 61%, 89%)",
                    "colorAirport": "hsl(135, 6%, 40%)",
                    "land": "Detailed",
                    "transitionLandOnZoom": true,
                    "colorBase": "hsl(206, 100%, 96%)",
                    "colorWater": "hsl(206, 78%, 81%)",
                    "colorSchool": "hsl(148, 0%, 52%)",
                    "timeOfDay": "Sunrise",
                    "waterStyle": "Simple",
                    "colorHospital": "hsl(200, 6%, 53%)"
                },
                "buildings": {
                    "colorBase": "hsl(206, 100%, 96%)",
                    "houseNumbers": true,
                    "3D": false,
                    "underground": true,
                    "houseNumbersSize": 1.2,
                    "houseNumbersFont": [
                        "Montserrat SemiBold",
                        "Arial Unicode MS Regular"
                    ]
                }
            }
        },
        "mapbox:uiParadigm": "layers"
    },
    "center": [30.411796153170656, 59.928920785586655],
    "zoom": 16.443812054462022,
    "bearing": 0,
    "pitch": 0,
    "sources": {
        "composite": {
            "url": "mapbox://mapbox.mapbox-streets-v8",
            "type": "vector"
        }
    },
    "sprite": "mapbox://sprites/detour4/cl2lr8iwp008w14o7acfegxdj/draft",
    "glyphs": "mapbox://fonts/mapbox/{fontstack}/{range}.pbf",
    "layers": [
        {
            "id": "land",
            "type": "background",
            "metadata": {
                "mapbox:featureComponent": "land-and-water",
                "mapbox:group": "Land, water, & sky, land"
            },
            "layout": {},
            "paint": {
                "background-color": [
                    "interpolate",
                    ["linear"],
                    ["zoom"],
                    11,
                    "hsl(206, 100%, 94%)",
                    13,
                    "hsl(206, 99%, 92%)"
                ]
            }
        },
        {
            "id": "national-park",
            "type": "fill",
            "metadata": {
                "mapbox:featureComponent": "land-and-water",
                "mapbox:group": "Land, water, & sky, land"
            },
            "source": "composite",
            "source-layer": "landuse_overlay",
            "minzoom": 5,
            "filter": ["==", ["get", "class"], "national_park"],
            "layout": {},
            "paint": {
                "fill-color": "hsl(133, 61%, 89%)",
                "fill-opacity": [
                    "interpolate",
                    ["linear"],
                    ["zoom"],
                    5,
                    0,
                    6,
                    0.5,
                    10,
                    0.5
                ]
            }
        },
        {
            "id": "landuse",
            "type": "fill",
            "metadata": {
                "mapbox:featureComponent": "land-and-water",
                "mapbox:group": "Land, water, & sky, land"
            },
            "source": "composite",
            "source-layer": "landuse",
            "minzoom": 5,
            "filter": [
                "match",
                ["get", "class"],
                ["park", "airport", "glacier", "pitch", "sand", "facility"],
                true,
                "cemetery",
                true,
                "school",
                true,
                "hospital",
                true,
                false
            ],
            "layout": {},
            "paint": {
                "fill-color": [
                    "interpolate",
                    ["linear"],
                    ["zoom"],
                    15,
                    [
                        "match",
                        ["get", "class"],
                        "park",
                        "hsl(133, 61%, 89%)",
                        "airport",
                        "hsl(135, 100%, 94%)",
                        "cemetery",
                        "hsl(115, 88%, 95%)",
                        "glacier",
                        "hsl(206, 58%, 93%)",
                        "hospital",
                        "hsl(200, 65%, 90%)",
                        "pitch",
                        "hsl(133, 62%, 84%)",
                        "sand",
                        "hsl(203, 70%, 91%)",
                        "school",
                        "hsl(148, 61%, 84%)",
                        "hsl(206, 100%, 88%)"
                    ],
                    16,
                    [
                        "match",
                        ["get", "class"],
                        "park",
                        "hsl(133, 61%, 89%)",
                        "airport",
                        "hsl(135, 100%, 92%)",
                        "cemetery",
                        "hsl(115, 88%, 95%)",
                        "glacier",
                        "hsl(206, 58%, 93%)",
                        "hospital",
                        "hsl(200, 25%, 92%)",
                        "pitch",
                        "hsl(133, 62%, 84%)",
                        "sand",
                        "hsl(203, 70%, 91%)",
                        "school",
                        "hsl(148, 61%, 84%)",
                        "hsl(206, 100%, 88%)"
                    ]
                ],
                "fill-opacity": [
                    "interpolate",
                    ["linear"],
                    ["zoom"],
                    5,
                    0,
                    6,
                    ["match", ["get", "class"], "glacier", 0.5, 1]
                ]
            }
        },
        {
            "id": "pitch-outline",
            "type": "line",
            "metadata": {
                "mapbox:featureComponent": "land-and-water",
                "mapbox:group": "Land, water, & sky, land"
            },
            "source": "composite",
            "source-layer": "landuse",
            "minzoom": 15,
            "filter": ["==", ["get", "class"], "pitch"],
            "layout": {},
            "paint": {"line-color": "hsl(115, 35%, 88%)"}
        },
        {
            "id": "waterway",
            "type": "line",
            "metadata": {
                "mapbox:featureComponent": "land-and-water",
                "mapbox:group": "Land, water, & sky, water"
            },
            "source": "composite",
            "source-layer": "waterway",
            "minzoom": 8,
            "layout": {
                "line-cap": ["step", ["zoom"], "butt", 11, "round"],
                "line-join": "round"
            },
            "paint": {
                "line-color": "hsl(206, 78%, 81%)",
                "line-width": [
                    "interpolate",
                    ["exponential", 1.3],
                    ["zoom"],
                    9,
                    ["match", ["get", "class"], ["canal", "river"], 0.1, 0],
                    20,
                    ["match", ["get", "class"], ["canal", "river"], 8, 3]
                ],
                "line-opacity": [
                    "interpolate",
                    ["linear"],
                    ["zoom"],
                    8,
                    0,
                    8.5,
                    1
                ]
            }
        },
        {
            "id": "water",
            "type": "fill",
            "metadata": {
                "mapbox:featureComponent": "land-and-water",
                "mapbox:group": "Land, water, & sky, water"
            },
            "source": "composite",
            "source-layer": "water",
            "layout": {},
            "paint": {"fill-color": "hsl(206, 78%, 81%)"}
        },
        {
            "id": "land-structure-polygon",
            "type": "fill",
            "metadata": {
                "mapbox:featureComponent": "land-and-water",
                "mapbox:group": "Land, water, & sky, built"
            },
            "source": "composite",
            "source-layer": "structure",
            "minzoom": 13,
            "filter": [
                "all",
                ["==", ["geometry-type"], "Polygon"],
                ["==", ["get", "class"], "land"]
            ],
            "layout": {},
            "paint": {"fill-color": "hsl(206, 99%, 92%)"}
        },
        {
            "id": "land-structure-line",
            "type": "line",
            "metadata": {
                "mapbox:featureComponent": "land-and-water",
                "mapbox:group": "Land, water, & sky, built"
            },
            "source": "composite",
            "source-layer": "structure",
            "minzoom": 13,
            "filter": [
                "all",
                ["==", ["geometry-type"], "LineString"],
                ["==", ["get", "class"], "land"]
            ],
            "layout": {"line-cap": "round"},
            "paint": {
                "line-width": [
                    "interpolate",
                    ["exponential", 1.99],
                    ["zoom"],
                    14,
                    0.75,
                    20,
                    40
                ],
                "line-color": "hsl(206, 99%, 92%)"
            }
        },
        {
            "id": "building-outline",
            "type": "line",
            "metadata": {
                "mapbox:featureComponent": "buildings",
                "mapbox:group": "Buildings, built"
            },
            "source": "composite",
            "source-layer": "building",
            "minzoom": 15,
            "filter": [
                "all",
                ["!=", ["get", "type"], "building:part"],
                ["==", ["get", "underground"], "false"]
            ],
            "layout": {},
            "paint": {
                "line-color": "hsl(206, 94%, 83%)",
                "line-width": [
                    "interpolate",
                    ["exponential", 1.5],
                    ["zoom"],
                    15,
                    0.75,
                    20,
                    3
                ],
                "line-opacity": [
                    "interpolate",
                    ["linear"],
                    ["zoom"],
                    15,
                    0,
                    16,
                    1
                ]
            }
        },
        {
            "id": "building",
            "type": "fill",
            "metadata": {
                "mapbox:featureComponent": "buildings",
                "mapbox:group": "Buildings, built"
            },
            "source": "composite",
            "source-layer": "building",
            "minzoom": 15,
            "filter": [
                "all",
                ["!=", ["get", "type"], "building:part"],
                ["==", ["get", "underground"], "false"]
            ],
            "layout": {},
            "paint": {
                "fill-color": [
                    "interpolate",
                    ["linear"],
                    ["zoom"],
                    15,
                    "hsl(206, 97%, 89%)",
                    16,
                    "hsl(206, 93%, 88%)"
                ],
                "fill-opacity": [
                    "interpolate",
                    ["linear"],
                    ["zoom"],
                    15,
                    0,
                    16,
                    1
                ],
                "fill-outline-color": "hsl(206, 94%, 83%)"
            }
        },
        {
            "id": "building-underground",
            "type": "fill",
            "metadata": {
                "mapbox:featureComponent": "buildings",
                "mapbox:group": "Buildings, built"
            },
            "source": "composite",
            "source-layer": "building",
            "minzoom": 15,
            "filter": [
                "all",
                ["==", ["get", "underground"], "true"],
                ["==", ["geometry-type"], "Polygon"]
            ],
            "layout": {},
            "paint": {
                "fill-color": "hsl(206, 93%, 88%)",
                "fill-opacity": [
                    "interpolate",
                    ["linear"],
                    ["zoom"],
                    15,
                    0,
                    16,
                    0.5
                ]
            }
        },
        {
            "id": "tunnel-simple",
            "type": "line",
            "metadata": {
                "mapbox:featureComponent": "road-network",
                "mapbox:group": "Road network, tunnels"
            },
            "source": "composite",
            "source-layer": "road",
            "minzoom": 13,
            "filter": [
                "all",
                ["==", ["get", "structure"], "tunnel"],
                [
                    "step",
                    ["zoom"],
                    [
                        "match",
                        ["get", "class"],
                        [
                            "motorway",
                            "motorway_link",
                            "trunk",
                            "trunk_link",
                            "primary",
                            "secondary",
                            "tertiary",
                            "street",
                            "street_limited",
                            "primary_link",
                            "track"
                        ],
                        true,
                        false
                    ],
                    14,
                    [
                        "match",
                        ["get", "class"],
                        [
                            "motorway",
                            "motorway_link",
                            "trunk",
                            "trunk_link",
                            "primary",
                            "primary_link",
                            "secondary",
                            "secondary_link",
                            "tertiary",
                            "tertiary_link",
                            "street",
                            "street_limited",
                            "service",
                            "track"
                        ],
                        true,
                        false
                    ]
                ],
                ["==", ["geometry-type"], "LineString"]
            ],
            "layout": {},
            "paint": {
                "line-width": [
                    "interpolate",
                    ["exponential", 1.5],
                    ["zoom"],
                    13,
                    [
                        "match",
                        ["get", "class"],
                        ["motorway", "trunk", "primary"],
                        3.6,
                        ["secondary", "tertiary"],
                        2.25,
                        [
                            "motorway_link",
                            "trunk_link",
                            "street",
                            "street_limited",
                            "primary_link"
                        ],
                        0.9,
                        0.5
                    ],
                    18,
                    [
                        "match",
                        ["get", "class"],
                        ["motorway", "trunk", "primary"],
                        28.8,
                        ["secondary", "tertiary"],
                        23.400000000000002,
                        [
                            "motorway_link",
                            "trunk_link",
                            "street",
                            "street_limited",
                            "primary_link"
                        ],
                        16.2,
                        10.8
                    ]
                ],
                "line-color": "hsl(171, 38%, 93%)"
            }
        },
        {
            "id": "road-simple",
            "type": "line",
            "metadata": {
                "mapbox:featureComponent": "road-network",
                "mapbox:group": "Road network, surface"
            },
            "source": "composite",
            "source-layer": "road",
            "minzoom": 5,
            "filter": [
                "all",
                [
                    "step",
                    ["zoom"],
                    [
                        "match",
                        ["get", "class"],
                        ["motorway", "trunk"],
                        true,
                        false
                    ],
                    6,
                    [
                        "match",
                        ["get", "class"],
                        ["motorway", "trunk", "primary"],
                        true,
                        false
                    ],
                    8,
                    [
                        "match",
                        ["get", "class"],
                        ["motorway", "trunk", "primary", "secondary"],
                        true,
                        false
                    ],
                    10,
                    [
                        "match",
                        ["get", "class"],
                        [
                            "motorway",
                            "trunk",
                            "primary",
                            "secondary",
                            "tertiary",
                            "motorway_link",
                            "trunk_link"
                        ],
                        true,
                        false
                    ],
                    11,
                    [
                        "match",
                        ["get", "class"],
                        [
                            "motorway",
                            "motorway_link",
                            "trunk",
                            "trunk_link",
                            "primary",
                            "secondary",
                            "tertiary",
                            "street"
                        ],
                        true,
                        false
                    ],
                    12,
                    [
                        "match",
                        ["get", "class"],
                        [
                            "motorway",
                            "motorway_link",
                            "trunk",
                            "trunk_link",
                            "primary",
                            "secondary",
                            "tertiary",
                            "street",
                            "street_limited",
                            "primary_link"
                        ],
                        true,
                        false
                    ],
                    13,
                    [
                        "match",
                        ["get", "class"],
                        [
                            "motorway",
                            "motorway_link",
                            "trunk",
                            "trunk_link",
                            "primary",
                            "secondary",
                            "tertiary",
                            "street",
                            "street_limited",
                            "primary_link",
                            "track"
                        ],
                        true,
                        false
                    ],
                    14,
                    [
                        "match",
                        ["get", "class"],
                        [
                            "motorway",
                            "motorway_link",
                            "trunk",
                            "trunk_link",
                            "primary",
                            "primary_link",
                            "secondary",
                            "secondary_link",
                            "tertiary",
                            "tertiary_link",
                            "street",
                            "street_limited",
                            "service",
                            "track"
                        ],
                        true,
                        false
                    ]
                ],
                ["match", ["get", "structure"], ["none", "ford"], true, false],
                ["==", ["geometry-type"], "LineString"]
            ],
            "layout": {
                "line-cap": ["step", ["zoom"], "butt", 14, "round"],
                "line-join": ["step", ["zoom"], "miter", 14, "round"]
            },
            "paint": {
                "line-width": [
                    "interpolate",
                    ["exponential", 1.5],
                    ["zoom"],
                    5,
                    [
                        "match",
                        ["get", "class"],
                        ["motorway", "trunk", "primary"],
                        0.675,
                        ["secondary", "tertiary"],
                        0.09000000000000001,
                        0
                    ],
                    13,
                    [
                        "match",
                        ["get", "class"],
                        ["motorway", "trunk", "primary"],
                        3.6,
                        ["secondary", "tertiary"],
                        2.25,
                        [
                            "motorway_link",
                            "trunk_link",
                            "primary_link",
                            "street",
                            "street_limited"
                        ],
                        0.9,
                        0.45
                    ],
                    18,
                    [
                        "match",
                        ["get", "class"],
                        ["motorway", "trunk", "primary"],
                        28.8,
                        ["secondary", "tertiary"],
                        23.400000000000002,
                        [
                            "motorway_link",
                            "trunk_link",
                            "primary_link",
                            "street",
                            "street_limited"
                        ],
                        16.2,
                        9
                    ]
                ],
                "line-color": [
                    "match",
                    ["get", "class"],
                    [
                        "primary_link",
                        "secondary_link",
                        "tertiary_link",
                        "street",
                        "street_limited",
                        "service",
                        "track"
                    ],
                    "hsl(171, 38%, 97%)",
                    "hsl(171, 38%, 100%)"
                ]
            }
        },
        {
            "id": "road-rail",
            "type": "line",
            "metadata": {
                "mapbox:featureComponent": "transit",
                "mapbox:group": "Transit, surface"
            },
            "source": "composite",
            "source-layer": "road",
            "minzoom": 13,
            "filter": [
                "all",
                [
                    "match",
                    ["get", "class"],
                    ["major_rail", "minor_rail"],
                    true,
                    false
                ],
                ["match", ["get", "structure"], ["none", "ford"], true, false]
            ],
            "layout": {"line-join": "round"},
            "paint": {
                "line-color": [
                    "interpolate",
                    ["linear"],
                    ["zoom"],
                    13,
                    "hsl(206, 93%, 88%)",
                    17,
                    "hsl(206, 94%, 83%)"
                ],
                "line-width": [
                    "interpolate",
                    ["exponential", 1.5],
                    ["zoom"],
                    14,
                    0.5,
                    20,
                    1
                ]
            }
        },
        {
            "id": "road-rail-tracks",
            "type": "line",
            "metadata": {
                "mapbox:featureComponent": "transit",
                "mapbox:group": "Transit, surface"
            },
            "source": "composite",
            "source-layer": "road",
            "minzoom": 13,
            "filter": [
                "all",
                [
                    "match",
                    ["get", "class"],
                    ["major_rail", "minor_rail"],
                    true,
                    false
                ],
                ["match", ["get", "structure"], ["none", "ford"], true, false]
            ],
            "layout": {"line-join": "round"},
            "paint": {
                "line-color": "hsl(206, 94%, 83%)",
                "line-width": [
                    "interpolate",
                    ["exponential", 1.5],
                    ["zoom"],
                    14,
                    4,
                    20,
                    8
                ],
                "line-dasharray": [0.1, 15],
                "line-opacity": [
                    "interpolate",
                    ["linear"],
                    ["zoom"],
                    13.75,
                    0,
                    14,
                    1
                ]
            }
        },
        {
            "id": "bridge-case-simple",
            "type": "line",
            "metadata": {
                "mapbox:featureComponent": "road-network",
                "mapbox:group": "Road network, bridges"
            },
            "source": "composite",
            "source-layer": "road",
            "minzoom": 13,
            "filter": [
                "all",
                ["==", ["get", "structure"], "bridge"],
                [
                    "step",
                    ["zoom"],
                    [
                        "match",
                        ["get", "class"],
                        [
                            "motorway",
                            "motorway_link",
                            "trunk",
                            "trunk_link",
                            "primary",
                            "secondary",
                            "tertiary",
                            "street",
                            "street_limited",
                            "primary_link",
                            "track"
                        ],
                        true,
                        false
                    ],
                    14,
                    [
                        "match",
                        ["get", "class"],
                        [
                            "motorway",
                            "motorway_link",
                            "trunk",
                            "trunk_link",
                            "primary",
                            "primary_link",
                            "secondary",
                            "secondary_link",
                            "tertiary",
                            "tertiary_link",
                            "street",
                            "street_limited",
                            "service",
                            "track"
                        ],
                        true,
                        false
                    ]
                ],
                ["==", ["geometry-type"], "LineString"]
            ],
            "layout": {"line-join": ["step", ["zoom"], "miter", 14, "round"]},
            "paint": {
                "line-width": [
                    "interpolate",
                    ["exponential", 1.5],
                    ["zoom"],
                    13,
                    [
                        "match",
                        ["get", "class"],
                        ["motorway", "trunk", "primary"],
                        5.4,
                        ["secondary", "tertiary"],
                        3.6,
                        [
                            "motorway_link",
                            "trunk_link",
                            "street",
                            "street_limited",
                            "primary_link"
                        ],
                        2.25,
                        1.125
                    ],
                    18,
                    [
                        "match",
                        ["get", "class"],
                        ["motorway", "trunk", "primary"],
                        32.4,
                        ["secondary", "tertiary"],
                        27,
                        [
                            "motorway_link",
                            "trunk_link",
                            "street",
                            "street_limited",
                            "primary_link"
                        ],
                        19.8,
                        14.4
                    ]
                ],
                "line-color": "hsl(206, 99%, 92%)"
            }
        },
        {
            "id": "bridge-simple",
            "type": "line",
            "metadata": {
                "mapbox:featureComponent": "road-network",
                "mapbox:group": "Road network, bridges"
            },
            "source": "composite",
            "source-layer": "road",
            "minzoom": 13,
            "filter": [
                "all",
                ["==", ["get", "structure"], "bridge"],
                [
                    "step",
                    ["zoom"],
                    [
                        "match",
                        ["get", "class"],
                        ["motorway", "trunk"],
                        true,
                        false
                    ],
                    13,
                    [
                        "match",
                        ["get", "class"],
                        [
                            "motorway",
                            "motorway_link",
                            "trunk",
                            "trunk_link",
                            "primary",
                            "secondary",
                            "tertiary",
                            "street",
                            "street_limited",
                            "primary_link",
                            "track"
                        ],
                        true,
                        false
                    ],
                    14,
                    [
                        "match",
                        ["get", "class"],
                        [
                            "motorway",
                            "motorway_link",
                            "trunk",
                            "trunk_link",
                            "primary",
                            "primary_link",
                            "secondary",
                            "secondary_link",
                            "tertiary",
                            "tertiary_link",
                            "street",
                            "street_limited",
                            "service",
                            "track"
                        ],
                        true,
                        false
                    ]
                ],
                ["==", ["geometry-type"], "LineString"]
            ],
            "layout": {
                "line-cap": ["step", ["zoom"], "butt", 14, "round"],
                "line-join": ["step", ["zoom"], "miter", 14, "round"]
            },
            "paint": {
                "line-width": [
                    "interpolate",
                    ["exponential", 1.5],
                    ["zoom"],
                    13,
                    [
                        "match",
                        ["get", "class"],
                        ["motorway", "trunk", "primary"],
                        3.6,
                        ["secondary", "tertiary"],
                        2.25,
                        [
                            "motorway_link",
                            "trunk_link",
                            "street",
                            "street_limited",
                            "primary_link"
                        ],
                        0.9,
                        0.5
                    ],
                    18,
                    [
                        "match",
                        ["get", "class"],
                        ["motorway", "trunk", "primary"],
                        28.8,
                        ["secondary", "tertiary"],
                        23.400000000000002,
                        [
                            "motorway_link",
                            "trunk_link",
                            "street",
                            "street_limited",
                            "primary_link"
                        ],
                        16.2,
                        10.8
                    ]
                ],
                "line-color": [
                    "match",
                    ["get", "class"],
                    [
                        "primary_link",
                        "secondary_link",
                        "tertiary_link",
                        "street",
                        "street_limited",
                        "service",
                        "track"
                    ],
                    "hsl(171, 38%, 97%)",
                    "hsl(171, 38%, 100%)"
                ]
            }
        },
        {
            "id": "bridge-rail",
            "type": "line",
            "metadata": {
                "mapbox:featureComponent": "transit",
                "mapbox:group": "Transit, bridges"
            },
            "source": "composite",
            "source-layer": "road",
            "minzoom": 13,
            "filter": [
                "all",
                ["==", ["get", "structure"], "bridge"],
                [
                    "match",
                    ["get", "class"],
                    ["major_rail", "minor_rail"],
                    true,
                    false
                ]
            ],
            "layout": {"line-join": "round"},
            "paint": {
                "line-color": "hsl(206, 94%, 83%)",
                "line-width": [
                    "interpolate",
                    ["exponential", 1.5],
                    ["zoom"],
                    14,
                    0.5,
                    20,
                    1
                ]
            }
        },
        {
            "id": "bridge-rail-tracks",
            "type": "line",
            "metadata": {
                "mapbox:featureComponent": "transit",
                "mapbox:group": "Transit, bridges"
            },
            "source": "composite",
            "source-layer": "road",
            "minzoom": 13,
            "filter": [
                "all",
                ["==", ["get", "structure"], "bridge"],
                [
                    "match",
                    ["get", "class"],
                    ["major_rail", "minor_rail"],
                    true,
                    false
                ]
            ],
            "layout": {"line-join": "round"},
            "paint": {
                "line-color": "hsl(206, 94%, 83%)",
                "line-width": [
                    "interpolate",
                    ["exponential", 1.5],
                    ["zoom"],
                    14,
                    4,
                    20,
                    8
                ],
                "line-dasharray": [0.1, 15],
                "line-opacity": [
                    "interpolate",
                    ["linear"],
                    ["zoom"],
                    13.75,
                    0,
                    14,
                    1
                ]
            }
        },
        {
            "id": "admin-1-boundary-bg",
            "type": "line",
            "metadata": {
                "mapbox:featureComponent": "admin-boundaries",
                "mapbox:group": "Administrative boundaries, admin"
            },
            "source": "composite",
            "source-layer": "admin",
            "minzoom": 7,
            "filter": [
                "all",
                ["==", ["get", "admin_level"], 1],
                ["==", ["get", "maritime"], "false"],
                ["match", ["get", "worldview"], ["all", "US"], true, false]
            ],
            "layout": {"line-join": "bevel"},
            "paint": {
                "line-color": [
                    "interpolate",
                    ["linear"],
                    ["zoom"],
                    8,
                    "hsl(206, 99%, 92%)",
                    16,
                    "hsl(169, 10%, 93%)"
                ],
                "line-width": [
                    "interpolate",
                    ["linear"],
                    ["zoom"],
                    7,
                    3.75,
                    12,
                    5.5
                ],
                "line-opacity": [
                    "interpolate",
                    ["linear"],
                    ["zoom"],
                    7,
                    0,
                    8,
                    0.75
                ],
                "line-dasharray": [1, 0],
                "line-blur": ["interpolate", ["linear"], ["zoom"], 3, 0, 8, 3]
            }
        },
        {
            "id": "admin-0-boundary-bg",
            "type": "line",
            "metadata": {
                "mapbox:featureComponent": "admin-boundaries",
                "mapbox:group": "Administrative boundaries, admin"
            },
            "source": "composite",
            "source-layer": "admin",
            "minzoom": 1,
            "filter": [
                "all",
                ["==", ["get", "admin_level"], 0],
                ["==", ["get", "maritime"], "false"],
                ["match", ["get", "worldview"], ["all", "US"], true, false]
            ],
            "layout": {},
            "paint": {
                "line-width": [
                    "interpolate",
                    ["linear"],
                    ["zoom"],
                    3,
                    3.5,
                    10,
                    8
                ],
                "line-color": [
                    "interpolate",
                    ["linear"],
                    ["zoom"],
                    6,
                    "hsl(206, 99%, 92%)",
                    8,
                    "hsl(169, 10%, 93%)"
                ],
                "line-opacity": [
                    "interpolate",
                    ["linear"],
                    ["zoom"],
                    3,
                    0,
                    4,
                    0.5
                ],
                "line-blur": ["interpolate", ["linear"], ["zoom"], 3, 0, 10, 2]
            }
        },
        {
            "id": "admin-1-boundary",
            "type": "line",
            "metadata": {
                "mapbox:featureComponent": "admin-boundaries",
                "mapbox:group": "Administrative boundaries, admin"
            },
            "source": "composite",
            "source-layer": "admin",
            "minzoom": 2,
            "filter": [
                "all",
                ["==", ["get", "admin_level"], 1],
                ["==", ["get", "maritime"], "false"],
                ["match", ["get", "worldview"], ["all", "US"], true, false]
            ],
            "layout": {"line-join": "round", "line-cap": "round"},
            "paint": {
                "line-dasharray": [
                    "step",
                    ["zoom"],
                    ["literal", [2, 0]],
                    7,
                    ["literal", [2, 2, 6, 2]]
                ],
                "line-width": [
                    "interpolate",
                    ["linear"],
                    ["zoom"],
                    7,
                    0.75,
                    12,
                    1.5
                ],
                "line-opacity": [
                    "interpolate",
                    ["linear"],
                    ["zoom"],
                    2,
                    0,
                    3,
                    1
                ],
                "line-color": [
                    "interpolate",
                    ["linear"],
                    ["zoom"],
                    3,
                    "hsl(169, 3%, 77%)",
                    7,
                    "hsl(169, 2%, 62%)"
                ]
            }
        },
        {
            "id": "admin-0-boundary",
            "type": "line",
            "metadata": {
                "mapbox:featureComponent": "admin-boundaries",
                "mapbox:group": "Administrative boundaries, admin"
            },
            "source": "composite",
            "source-layer": "admin",
            "minzoom": 1,
            "filter": [
                "all",
                ["==", ["get", "admin_level"], 0],
                ["==", ["get", "disputed"], "false"],
                ["==", ["get", "maritime"], "false"],
                ["match", ["get", "worldview"], ["all", "US"], true, false]
            ],
            "layout": {"line-join": "round", "line-cap": "round"},
            "paint": {
                "line-color": "hsl(169, 2%, 51%)",
                "line-width": [
                    "interpolate",
                    ["linear"],
                    ["zoom"],
                    3,
                    0.5,
                    10,
                    2
                ],
                "line-dasharray": [10, 0]
            }
        },
        {
            "id": "admin-0-boundary-disputed",
            "type": "line",
            "metadata": {
                "mapbox:featureComponent": "admin-boundaries",
                "mapbox:group": "Administrative boundaries, admin"
            },
            "source": "composite",
            "source-layer": "admin",
            "minzoom": 1,
            "filter": [
                "all",
                ["==", ["get", "disputed"], "true"],
                ["==", ["get", "admin_level"], 0],
                ["==", ["get", "maritime"], "false"],
                ["match", ["get", "worldview"], ["all", "US"], true, false]
            ],
            "layout": {"line-join": "round"},
            "paint": {
                "line-color": "hsl(169, 2%, 51%)",
                "line-width": [
                    "interpolate",
                    ["linear"],
                    ["zoom"],
                    3,
                    0.5,
                    10,
                    2
                ],
                "line-dasharray": [10, 0]
            }
        },
        {
            "id": "building-number-label",
            "type": "symbol",
            "metadata": {
                "mapbox:featureComponent": "buildings",
                "mapbox:group": "Buildings, building-labels"
            },
            "source": "composite",
            "source-layer": "housenum_label",
            "minzoom": 17,
            "layout": {
                "text-field": ["get", "house_num"],
                "text-font": [
                    "Montserrat SemiBold",
                    "Arial Unicode MS Regular"
                ],
                "text-padding": 4,
                "text-max-width": 7,
                "text-size": 11.4
            },
            "paint": {
                "text-color": "hsl(206, 88%, 72%)",
                "text-halo-color": "hsl(206, 93%, 94%)",
                "text-halo-width": 0.5
            }
        },
        {
            "id": "block-number-label",
            "type": "symbol",
            "metadata": {
                "mapbox:featureComponent": "buildings",
                "mapbox:group": "Buildings, building-labels"
            },
            "source": "composite",
            "source-layer": "place_label",
            "minzoom": 16,
            "filter": [
                "all",
                ["==", ["get", "class"], "settlement_subdivision"],
                ["==", ["get", "type"], "block"]
            ],
            "layout": {
                "text-field": ["get", "name"],
                "text-font": [
                    "Montserrat SemiBold",
                    "Arial Unicode MS Regular"
                ],
                "text-max-width": 7,
                "text-size": 13.2
            },
            "paint": {
                "text-color": "hsl(206, 100%, 58%)",
                "text-halo-color": "hsl(206, 100%, 100%)",
                "text-halo-width": 0.5,
                "text-halo-blur": 0.5
            }
        },
        {
            "id": "road-label-simple",
            "type": "symbol",
            "metadata": {
                "mapbox:featureComponent": "road-network",
                "mapbox:group": "Road network, road-labels"
            },
            "source": "composite",
            "source-layer": "road",
            "minzoom": 12,
            "filter": [
                "match",
                ["get", "class"],
                [
                    "motorway",
                    "trunk",
                    "primary",
                    "secondary",
                    "tertiary",
                    "street",
                    "street_limited"
                ],
                true,
                false
            ],
            "layout": {
                "text-size": [
                    "interpolate",
                    ["linear"],
                    ["zoom"],
                    10,
                    [
                        "match",
                        ["get", "class"],
                        [
                            "motorway",
                            "trunk",
                            "primary",
                            "secondary",
                            "tertiary"
                        ],
                        10,
                        9
                    ],
                    18,
                    [
                        "match",
                        ["get", "class"],
                        [
                            "motorway",
                            "trunk",
                            "primary",
                            "secondary",
                            "tertiary"
                        ],
                        16,
                        14
                    ]
                ],
                "text-max-angle": 30,
                "text-font": [
                    "Montserrat SemiBold",
                    "Arial Unicode MS Regular"
                ],
                "symbol-placement": "line",
                "text-padding": 1,
                "text-rotation-alignment": "map",
                "text-pitch-alignment": "viewport",
                "text-field": ["coalesce", ["get", "name_ru"], ["get", "name"]],
                "text-letter-spacing": 0.01
            },
            "paint": {
                "text-color": "hsl(206, 100%, 46%)",
                "text-halo-color": "hsl(171, 38%, 100%)",
                "text-halo-width": 1
            }
        },
        {
            "id": "waterway-label",
            "type": "symbol",
            "metadata": {
                "mapbox:featureComponent": "natural-features",
                "mapbox:group": "Natural features, natural-labels"
            },
            "source": "composite",
            "source-layer": "natural_label",
            "minzoom": 13,
            "filter": [
                "all",
                [
                    "match",
                    ["get", "class"],
                    ["canal", "river", "stream"],
                    ["match", ["get", "worldview"], ["all", "US"], true, false],
                    ["disputed_canal", "disputed_river", "disputed_stream"],
                    [
                        "all",
                        ["==", ["get", "disputed"], "true"],
                        [
                            "match",
                            ["get", "worldview"],
                            ["all", "US"],
                            true,
                            false
                        ]
                    ],
                    false
                ],
                ["==", ["geometry-type"], "LineString"]
            ],
            "layout": {
                "text-font": [
                    "Montserrat SemiBold",
                    "Arial Unicode MS Regular"
                ],
                "text-max-angle": 30,
                "symbol-spacing": [
                    "interpolate",
                    ["linear", 1],
                    ["zoom"],
                    15,
                    250,
                    17,
                    400
                ],
                "text-size": [
                    "interpolate",
                    ["linear"],
                    ["zoom"],
                    13,
                    12,
                    18,
                    16
                ],
                "symbol-placement": "line",
                "text-pitch-alignment": "viewport",
                "text-field": ["coalesce", ["get", "name_ru"], ["get", "name"]]
            },
            "paint": {"text-color": "hsl(206, 46%, 57%)"}
        },
        {
            "id": "natural-line-label",
            "type": "symbol",
            "metadata": {
                "mapbox:featureComponent": "natural-features",
                "mapbox:group": "Natural features, natural-labels"
            },
            "source": "composite",
            "source-layer": "natural_label",
            "minzoom": 4,
            "filter": [
                "all",
                [
                    "match",
                    ["get", "class"],
                    ["glacier", "landform"],
                    ["match", ["get", "worldview"], ["all", "US"], true, false],
                    ["disputed_glacier", "disputed_landform"],
                    [
                        "all",
                        ["==", ["get", "disputed"], "true"],
                        [
                            "match",
                            ["get", "worldview"],
                            ["all", "US"],
                            true,
                            false
                        ]
                    ],
                    false
                ],
                ["==", ["geometry-type"], "LineString"],
                ["<=", ["get", "filterrank"], 2]
            ],
            "layout": {
                "text-size": [
                    "step",
                    ["zoom"],
                    ["step", ["get", "sizerank"], 18, 5, 12],
                    17,
                    ["step", ["get", "sizerank"], 18, 13, 12]
                ],
                "text-max-angle": 30,
                "text-field": ["coalesce", ["get", "name_ru"], ["get", "name"]],
                "text-font": [
                    "Montserrat SemiBold",
                    "Arial Unicode MS Regular"
                ],
                "symbol-placement": "line-center",
                "text-pitch-alignment": "viewport"
            },
            "paint": {
                "text-halo-width": 0.5,
                "text-halo-color": "hsl(206, 100%, 100%)",
                "text-halo-blur": 0.5,
                "text-color": [
                    "step",
                    ["zoom"],
                    [
                        "step",
                        ["get", "sizerank"],
                        "hsl(202, 0%, 66%)",
                        5,
                        "hsl(202, 4%, 56%)"
                    ],
                    17,
                    [
                        "step",
                        ["get", "sizerank"],
                        "hsl(202, 0%, 66%)",
                        13,
                        "hsl(202, 4%, 56%)"
                    ]
                ]
            }
        },
        {
            "id": "natural-point-label",
            "type": "symbol",
            "metadata": {
                "mapbox:featureComponent": "natural-features",
                "mapbox:group": "Natural features, natural-labels"
            },
            "source": "composite",
            "source-layer": "natural_label",
            "minzoom": 4,
            "filter": [
                "all",
                [
                    "match",
                    ["get", "class"],
                    ["dock", "glacier", "landform", "water_feature", "wetland"],
                    ["match", ["get", "worldview"], ["all", "US"], true, false],
                    [
                        "disputed_dock",
                        "disputed_glacier",
                        "disputed_landform",
                        "disputed_water_feature",
                        "disputed_wetland"
                    ],
                    [
                        "all",
                        ["==", ["get", "disputed"], "true"],
                        [
                            "match",
                            ["get", "worldview"],
                            ["all", "US"],
                            true,
                            false
                        ]
                    ],
                    false
                ],
                ["==", ["geometry-type"], "Point"],
                ["<=", ["get", "filterrank"], 2]
            ],
            "layout": {
                "text-size": [
                    "step",
                    ["zoom"],
                    ["step", ["get", "sizerank"], 18, 5, 12],
                    17,
                    ["step", ["get", "sizerank"], 18, 13, 12]
                ],
                "icon-image": ["get", "maki"],
                "text-font": [
                    "Montserrat SemiBold",
                    "Arial Unicode MS Regular"
                ],
                "text-offset": [
                    "step",
                    ["zoom"],
                    [
                        "step",
                        ["get", "sizerank"],
                        ["literal", [0, 0]],
                        5,
                        ["literal", [0, 0.75]]
                    ],
                    17,
                    [
                        "step",
                        ["get", "sizerank"],
                        ["literal", [0, 0]],
                        13,
                        ["literal", [0, 0.75]]
                    ]
                ],
                "text-anchor": [
                    "step",
                    ["zoom"],
                    ["step", ["get", "sizerank"], "center", 5, "top"],
                    17,
                    ["step", ["get", "sizerank"], "center", 13, "top"]
                ],
                "text-field": ["coalesce", ["get", "name_ru"], ["get", "name"]]
            },
            "paint": {
                "icon-opacity": [
                    "step",
                    ["zoom"],
                    ["step", ["get", "sizerank"], 0, 5, 1],
                    17,
                    ["step", ["get", "sizerank"], 0, 13, 1]
                ],
                "text-halo-color": "hsl(206, 100%, 100%)",
                "text-halo-width": 0.5,
                "text-halo-blur": 0.5,
                "text-color": [
                    "step",
                    ["zoom"],
                    [
                        "step",
                        ["get", "sizerank"],
                        "hsl(202, 0%, 66%)",
                        5,
                        "hsl(202, 4%, 56%)"
                    ],
                    17,
                    [
                        "step",
                        ["get", "sizerank"],
                        "hsl(202, 0%, 66%)",
                        13,
                        "hsl(202, 4%, 56%)"
                    ]
                ]
            }
        },
        {
            "id": "water-line-label",
            "type": "symbol",
            "metadata": {
                "mapbox:featureComponent": "natural-features",
                "mapbox:group": "Natural features, natural-labels"
            },
            "source": "composite",
            "source-layer": "natural_label",
            "filter": [
                "all",
                [
                    "match",
                    ["get", "class"],
                    ["bay", "ocean", "reservoir", "sea", "water"],
                    ["match", ["get", "worldview"], ["all", "US"], true, false],
                    [
                        "disputed_bay",
                        "disputed_ocean",
                        "disputed_reservoir",
                        "disputed_sea",
                        "disputed_water"
                    ],
                    [
                        "all",
                        ["==", ["get", "disputed"], "true"],
                        [
                            "match",
                            ["get", "worldview"],
                            ["all", "US"],
                            true,
                            false
                        ]
                    ],
                    false
                ],
                ["==", ["geometry-type"], "LineString"]
            ],
            "layout": {
                "text-size": [
                    "interpolate",
                    ["linear"],
                    ["zoom"],
                    7,
                    ["step", ["get", "sizerank"], 20, 6, 18, 12, 12],
                    10,
                    ["step", ["get", "sizerank"], 15, 9, 12],
                    18,
                    ["step", ["get", "sizerank"], 15, 9, 14]
                ],
                "text-max-angle": 30,
                "text-letter-spacing": [
                    "match",
                    ["get", "class"],
                    "ocean",
                    0.25,
                    ["sea", "bay"],
                    0.15,
                    0
                ],
                "text-font": [
                    "Montserrat SemiBold",
                    "Arial Unicode MS Regular"
                ],
                "symbol-placement": "line-center",
                "text-pitch-alignment": "viewport",
                "text-field": ["coalesce", ["get", "name_ru"], ["get", "name"]]
            },
            "paint": {
                "text-color": [
                    "match",
                    ["get", "class"],
                    ["bay", "ocean", "sea"],
                    "hsl(206, 74%, 61%)",
                    "hsl(206, 46%, 57%)"
                ]
            }
        },
        {
            "id": "water-point-label",
            "type": "symbol",
            "metadata": {
                "mapbox:featureComponent": "natural-features",
                "mapbox:group": "Natural features, natural-labels"
            },
            "source": "composite",
            "source-layer": "natural_label",
            "filter": [
                "all",
                [
                    "match",
                    ["get", "class"],
                    ["bay", "ocean", "reservoir", "sea", "water"],
                    ["match", ["get", "worldview"], ["all", "US"], true, false],
                    [
                        "disputed_bay",
                        "disputed_ocean",
                        "disputed_reservoir",
                        "disputed_sea",
                        "disputed_water"
                    ],
                    [
                        "all",
                        ["==", ["get", "disputed"], "true"],
                        [
                            "match",
                            ["get", "worldview"],
                            ["all", "US"],
                            true,
                            false
                        ]
                    ],
                    false
                ],
                ["==", ["geometry-type"], "Point"]
            ],
            "layout": {
                "text-line-height": 1.3,
                "text-size": [
                    "interpolate",
                    ["linear"],
                    ["zoom"],
                    7,
                    ["step", ["get", "sizerank"], 20, 6, 15, 12, 12],
                    10,
                    ["step", ["get", "sizerank"], 15, 9, 12]
                ],
                "text-font": [
                    "Montserrat SemiBold",
                    "Arial Unicode MS Regular"
                ],
                "text-field": ["coalesce", ["get", "name_ru"], ["get", "name"]],
                "text-letter-spacing": [
                    "match",
                    ["get", "class"],
                    "ocean",
                    0.25,
                    ["bay", "sea"],
                    0.15,
                    0.01
                ],
                "text-max-width": [
                    "match",
                    ["get", "class"],
                    "ocean",
                    4,
                    "sea",
                    5,
                    ["bay", "water"],
                    7,
                    10
                ]
            },
            "paint": {
                "text-color": [
                    "match",
                    ["get", "class"],
                    ["bay", "ocean", "sea"],
                    "hsl(206, 74%, 61%)",
                    "hsl(206, 46%, 57%)"
                ]
            }
        },
        {
            "id": "poi-label",
            "type": "symbol",
            "source": "composite",
            "source-layer": "poi_label",
            "minzoom": 6,
            "filter": [
                "match",
                ["get", "class"],
                ["historic", "landmark"],
                true,
                false
            ],
            "layout": {
                "text-size": [
                    "step",
                    ["zoom"],
                    ["step", ["get", "sizerank"], 18, 5, 12],
                    17,
                    ["step", ["get", "sizerank"], 18, 13, 12]
                ],
                "icon-image": [
                    "case",
                    ["has", "maki_beta"],
                    [
                        "coalesce",
                        ["image", ["get", "maki_beta"]],
                        ["image", ["get", "maki"]]
                    ],
                    ["image", ["get", "maki"]]
                ],
                "text-font": [
                    "Montserrat SemiBold",
                    "Arial Unicode MS Regular"
                ],
                "text-offset": [
                    "step",
                    ["zoom"],
                    [
                        "step",
                        ["get", "sizerank"],
                        ["literal", [0, 0]],
                        5,
                        ["literal", [0, 0.75]]
                    ],
                    17,
                    [
                        "step",
                        ["get", "sizerank"],
                        ["literal", [0, 0]],
                        13,
                        ["literal", [0, 0.75]]
                    ]
                ],
                "text-anchor": [
                    "step",
                    ["zoom"],
                    ["step", ["get", "sizerank"], "center", 5, "top"],
                    17,
                    ["step", ["get", "sizerank"], "center", 13, "top"]
                ],
                "text-field": ["coalesce", ["get", "name_ru"], ["get", "name"]]
            },
            "paint": {
                "icon-opacity": [
                    "step",
                    ["zoom"],
                    ["step", ["get", "sizerank"], 0, 5, 1],
                    17,
                    ["step", ["get", "sizerank"], 0, 13, 1]
                ],
                "text-halo-color": [
                    "match",
                    ["get", "class"],
                    "park_like",
                    "hsl(133, 66%, 100%)",
                    "education",
                    "hsl(148, 55%, 100%)",
                    "medical",
                    "hsl(200, 30%, 100%)",
                    "hsl(206, 100%, 100%)"
                ],
                "text-halo-width": 0.5,
                "text-halo-blur": 0.5,
                "text-color": [
                    "step",
                    ["zoom"],
                    [
                        "step",
                        ["get", "sizerank"],
                        [
                            "match",
                            ["get", "class"],
                            "food_and_drink",
                            "hsl(196, 5%, 79%)",
                            "park_like",
                            "hsl(134, 19%, 76%)",
                            "education",
                            "hsl(148, 0%, 52%)",
                            "medical",
                            "hsl(200, 2%, 53%)",
                            "hsl(202, 0%, 66%)"
                        ],
                        5,
                        [
                            "match",
                            ["get", "class"],
                            "food_and_drink",
                            "hsl(196, 8%, 62%)",
                            "park_like",
                            "hsl(134, 18%, 65%)",
                            "education",
                            "hsl(148, 0%, 32%)",
                            "medical",
                            "hsl(200, 3%, 43%)",
                            "hsl(202, 4%, 56%)"
                        ]
                    ],
                    17,
                    [
                        "step",
                        ["get", "sizerank"],
                        [
                            "match",
                            ["get", "class"],
                            "food_and_drink",
                            "hsl(196, 5%, 79%)",
                            "park_like",
                            "hsl(134, 19%, 76%)",
                            "education",
                            "hsl(148, 0%, 52%)",
                            "medical",
                            "hsl(200, 2%, 53%)",
                            "hsl(202, 0%, 66%)"
                        ],
                        13,
                        [
                            "match",
                            ["get", "class"],
                            "food_and_drink",
                            "hsl(196, 8%, 62%)",
                            "park_like",
                            "hsl(134, 18%, 65%)",
                            "education",
                            "hsl(148, 0%, 32%)",
                            "medical",
                            "hsl(200, 3%, 43%)",
                            "hsl(202, 4%, 56%)"
                        ]
                    ]
                ]
            }
        },
        {
            "id": "transit-label",
            "type": "symbol",
            "metadata": {
                "mapbox:featureComponent": "transit",
                "mapbox:group": "Transit, transit-labels"
            },
            "source": "composite",
            "source-layer": "transit_stop_label",
            "minzoom": 12,
            "filter": [
                "step",
                ["zoom"],
                false,
                15,
                false,
                16,
                false,
                17,
                [
                    "all",
                    ["match", ["get", "mode"], "bus", true, false],
                    ["!=", ["get", "stop_type"], "entrance"]
                ],
                19,
                ["match", ["get", "mode"], "bus", true, false]
            ],
            "layout": {
                "text-size": 12,
                "icon-image": ["get", "network"],
                "text-font": [
                    "Montserrat SemiBold",
                    "Arial Unicode MS Regular"
                ],
                "text-justify": [
                    "match",
                    ["get", "stop_type"],
                    "entrance",
                    "left",
                    "center"
                ],
                "text-offset": [
                    "match",
                    ["get", "stop_type"],
                    "entrance",
                    ["literal", [1, 0]],
                    ["literal", [0, 0.8]]
                ],
                "text-anchor": [
                    "match",
                    ["get", "stop_type"],
                    "entrance",
                    "left",
                    "top"
                ],
                "text-field": [
                    "step",
                    ["zoom"],
                    "",
                    14,
                    [
                        "match",
                        ["get", "mode"],
                        ["rail", "metro_rail"],
                        ["coalesce", ["get", "name_ru"], ["get", "name"]],
                        ""
                    ],
                    16,
                    [
                        "match",
                        ["get", "mode"],
                        ["bus", "bicycle"],
                        "",
                        ["coalesce", ["get", "name_ru"], ["get", "name"]]
                    ],
                    18,
                    ["coalesce", ["get", "name_ru"], ["get", "name"]]
                ],
                "text-letter-spacing": 0.01,
                "text-max-width": [
                    "match",
                    ["get", "stop_type"],
                    "entrance",
                    15,
                    9
                ]
            },
            "paint": {
                "text-halo-color": "hsl(206, 100%, 100%)",
                "text-color": [
                    "match",
                    ["get", "network"],
                    "tokyo-metro",
                    "hsl(180, 50%, 30%)",
                    "mexico-city-metro",
                    "hsl(25, 100%, 63%)",
                    [
                        "barcelona-metro",
                        "delhi-metro",
                        "hong-kong-mtr",
                        "milan-metro",
                        "osaka-subway"
                    ],
                    "hsl(0, 90%, 47%)",
                    ["boston-t", "washington-metro"],
                    "hsl(230, 18%, 20%)",
                    [
                        "chongqing-rail-transit",
                        "kiev-metro",
                        "singapore-mrt",
                        "taipei-metro"
                    ],
                    "hsl(140, 90%, 25%)",
                    "hsl(114, 6%, 40%)"
                ],
                "text-halo-blur": 0.5,
                "text-halo-width": 0.5
            }
        },
        {
            "id": "settlement-minor-label",
            "type": "symbol",
            "metadata": {
                "mapbox:featureComponent": "place-labels",
                "mapbox:group": "Place labels, place-labels"
            },
            "source": "composite",
            "source-layer": "place_label",
            "minzoom": 3,
            "maxzoom": 13,
            "filter": [
                "all",
                ["<=", ["get", "filterrank"], 3],
                [
                    "match",
                    ["get", "class"],
                    "settlement",
                    ["match", ["get", "worldview"], ["all", "US"], true, false],
                    "disputed_settlement",
                    [
                        "all",
                        ["==", ["get", "disputed"], "true"],
                        [
                            "match",
                            ["get", "worldview"],
                            ["all", "US"],
                            true,
                            false
                        ]
                    ],
                    false
                ],
                [
                    "step",
                    ["zoom"],
                    [">", ["get", "symbolrank"], 6],
                    4,
                    [">=", ["get", "symbolrank"], 7],
                    6,
                    [">=", ["get", "symbolrank"], 8],
                    7,
                    [">=", ["get", "symbolrank"], 10],
                    10,
                    [">=", ["get", "symbolrank"], 11],
                    11,
                    [">=", ["get", "symbolrank"], 13],
                    12,
                    [">=", ["get", "symbolrank"], 15]
                ]
            ],
            "layout": {
                "icon-image": "",
                "text-font": [
                    "Montserrat SemiBold",
                    "Arial Unicode MS Regular"
                ],
                "text-radial-offset": [
                    "step",
                    ["zoom"],
                    ["match", ["get", "capital"], 2, 0.6, 0.55],
                    8,
                    0
                ],
                "text-anchor": ["step", ["zoom"], "center", 8, "center"],
                "text-field": ["coalesce", ["get", "name_ru"], ["get", "name"]],
                "text-max-width": 7,
                "text-line-height": 1.1,
                "text-size": [
                    "interpolate",
                    ["cubic-bezier", 0.2, 0, 0.9, 1],
                    ["zoom"],
                    3,
                    [
                        "step",
                        ["get", "symbolrank"],
                        12,
                        9,
                        11,
                        10,
                        10.5,
                        12,
                        9.5,
                        14,
                        8.5,
                        16,
                        6.5,
                        17,
                        4
                    ],
                    13,
                    [
                        "step",
                        ["get", "symbolrank"],
                        23,
                        9,
                        21,
                        10,
                        19,
                        11,
                        17,
                        12,
                        16,
                        13,
                        15,
                        15,
                        13
                    ]
                ]
            },
            "paint": {
                "text-color": "hsl(169, 6%, 9%)",
                "text-halo-color": "hsl(206, 100%, 100%)",
                "text-halo-width": 1,
                "icon-opacity": ["step", ["zoom"], 1, 8, 0],
                "text-halo-blur": 1
            }
        },
        {
            "id": "settlement-major-label",
            "type": "symbol",
            "metadata": {
                "mapbox:featureComponent": "place-labels",
                "mapbox:group": "Place labels, place-labels"
            },
            "source": "composite",
            "source-layer": "place_label",
            "minzoom": 3,
            "maxzoom": 15,
            "filter": [
                "all",
                ["<=", ["get", "filterrank"], 3],
                [
                    "match",
                    ["get", "class"],
                    "settlement",
                    ["match", ["get", "worldview"], ["all", "US"], true, false],
                    "disputed_settlement",
                    [
                        "all",
                        ["==", ["get", "disputed"], "true"],
                        [
                            "match",
                            ["get", "worldview"],
                            ["all", "US"],
                            true,
                            false
                        ]
                    ],
                    false
                ],
                [
                    "step",
                    ["zoom"],
                    false,
                    3,
                    ["<=", ["get", "symbolrank"], 6],
                    4,
                    ["<", ["get", "symbolrank"], 7],
                    6,
                    ["<", ["get", "symbolrank"], 8],
                    7,
                    ["<", ["get", "symbolrank"], 10],
                    10,
                    ["<", ["get", "symbolrank"], 11],
                    11,
                    ["<", ["get", "symbolrank"], 13],
                    12,
                    ["<", ["get", "symbolrank"], 15],
                    13,
                    [">=", ["get", "symbolrank"], 11],
                    14,
                    [">=", ["get", "symbolrank"], 15]
                ]
            ],
            "layout": {
                "icon-image": "",
                "text-font": [
                    "Montserrat SemiBold",
                    "Arial Unicode MS Regular"
                ],
                "text-radial-offset": [
                    "step",
                    ["zoom"],
                    ["match", ["get", "capital"], 2, 0.6, 0.55],
                    8,
                    0
                ],
                "text-anchor": ["step", ["zoom"], "center", 8, "center"],
                "text-field": ["coalesce", ["get", "name_ru"], ["get", "name"]],
                "text-max-width": 7,
                "text-line-height": 1.1,
                "text-size": [
                    "interpolate",
                    ["cubic-bezier", 0.2, 0, 0.9, 1],
                    ["zoom"],
                    3,
                    ["step", ["get", "symbolrank"], 13, 6, 12],
                    6,
                    ["step", ["get", "symbolrank"], 16, 6, 15, 7, 14],
                    8,
                    ["step", ["get", "symbolrank"], 18, 9, 17, 10, 15],
                    15,
                    [
                        "step",
                        ["get", "symbolrank"],
                        23,
                        9,
                        22,
                        10,
                        20,
                        11,
                        18,
                        12,
                        16,
                        13,
                        15,
                        15,
                        13
                    ]
                ]
            },
            "paint": {
                "text-color": "hsl(169, 6%, 9%)",
                "text-halo-color": "hsl(206, 100%, 100%)",
                "text-halo-width": 1,
                "icon-opacity": ["step", ["zoom"], 1, 8, 0],
                "text-halo-blur": 1
            }
        }
    ],
    "created": "2022-04-30T11:02:27.788Z",
    "modified": "2022-04-30T12:11:22.367Z",
    "id": "cl2lr8iwp008w14o7acfegxdj",
    "owner": "detour4",
    "visibility": "private",
    "protected": false,
    "draft": true
}